RBS,full.name,num,mean.RNA,sd.RNA,mean.prot,sd.prot,mean.xlat,sd.xlat,Sequence
"""DeadRBS""","""Ec-TTL-R001""",1,0.742020509,5.365385111,1109.365335,1.25813672,824.9012545,5.160989781,"""CACCATACA CATATG"""
"""apFAB871""","""Ec-TTL-R002""",2,0.758482613,6.558613414,2411.083832,2.180557906,1615.084493,3.877502687,"""ATCTTAATCTAGCGCGGGACAGTTT CATATG"""
"""BBa_J61133""","""Ec-TTL-R003""",3,0.659976953,7.277050831,2423.296225,2.529323342,2295.564568,4.734215663,"""TCTAGAGAAAGACCCGAGACAC CATATG"""
"""BBa_J61139""","""Ec-TTL-R004""",4,0.804603473,6.695077557,3886.249122,3.436522842,3389.696451,3.87598885,"""TCTAGAGAAAGATTAGAGTCAC CATATG"""
"""apFAB843""","""Ec-TTL-R005""",5,0.798091143,5.994277588,3969.905517,3.000526176,3283.808723,2.893020254,"""ATCTTAATCTAGCTTTGGAGTCTTT CATATG"""
"""BBa_J61124""","""Ec-TTL-R006""",6,0.816860289,5.905755428,4063.94222,3.714759877,3905.204023,3.602216872,"""TCTAGAGAAAGAGCCGACATAC CATATG"""
"""apFAB864""","""Ec-TTL-R007""",7,0.77512816,6.652151165,3956.219583,3.342317913,3546.22253,3.469956194,"""ATCTTAATCTAGCCCGGGAGCATTT CATATG"""
"""apFAB964""","""Ec-TTL-R008""",8,0.678590232,6.27786299,4111.556668,3.258420236,4078.027404,3.59528345,"""ATCTTAATCTAGCCTGGGATCGTTT CATATG"""
"""apFAB873""","""Ec-TTL-R009""",9,0.715547889,5.623043295,4437.695657,3.334972211,4410.282291,2.555079898,"""ATCTTAATCTAGCCCAGGAACGTTT CATATG"""
"""BBa_J61101""","""Ec-TTL-R010""",10,0.892956267,6.401634857,4803.203953,3.706572824,3844.888825,3.413210588,"""TCTAGAGAAAGACAGGACCCAC CATATG"""
"""BBa_J61131""","""Ec-TTL-R011""",11,0.728438139,6.164419841,5108.188666,3.879561652,4947.4068,3.097180278,"""TCTAGAGAAAGAACCGAATTAC CATATG"""
"""salis-3-11""","""Ec-TTL-R012""",12,0.784468425,6.259659823,5365.49373,3.618258245,4451.497007,2.63757548,"""AATCTCATATCTCAAATATAAGCCGGAT CATATG"""
"""BBa_J61125""","""Ec-TTL-R013""",13,0.835002752,6.30102827,5415.998728,4.205555233,4785.192567,3.542939961,"""TCTAGAGAAAGAGCCGAGTTAC CATATG"""
"""BBa_J61118""","""Ec-TTL-R014""",14,0.816909746,7.029827994,5515.635979,4.019563587,4960.097781,3.300525304,"""TCTAGAGAAAGAGACGAATCAC CATATG"""
"""apFAB922""","""Ec-TTL-R015""",15,0.649907119,5.788104404,5685.513876,3.208908728,6216.675419,2.301120623,"""ATCTTAATCTAGCACGGGACGGTTT CATATG"""
"""BBa_J61130""","""Ec-TTL-R016""",16,0.793047878,5.906360478,6270.292874,3.824388345,5323.648039,2.677531898,"""TCTAGAGAAAGAAACGACATAC CATATG"""
"""BBa_J61134""","""Ec-TTL-R017""",17,0.722525158,6.618214179,6295.856162,4.327238224,6778.677084,3.215130852,"""TCTAGAGAAAGACCGGAAATAC CATATG"""
"""BBa_J61128""","""Ec-TTL-R018""",18,0.852041206,6.482835963,6988.411626,4.17502017,6610.694103,3.176671424,"""TCTAGAGAAAGATAGGACTCAC CATATG"""
"""BBa_J61107""","""Ec-TTL-R019""",19,0.875129316,6.499192938,7124.740014,4.289775821,6784.595576,3.182951003,"""TCTAGAGAAAGAAGAGACTCAC CATATG"""
"""apFAB869""","""Ec-TTL-R020""",20,0.690942057,6.133791083,7146.530256,3.766092029,7619.072171,2.650992482,"""ATCTTAATCTAGCAGTGGAACCTTT CATATG"""
"""apFAB890""","""Ec-TTL-R021""",21,1.088880405,6.577234254,6758.170198,3.973276495,5095.722132,2.766805223,"""ATCTTAATCTAGCCCGGGATCTTTT CATATG"""
"""BBa_J61120""","""Ec-TTL-R022""",22,0.76721323,6.898988501,7355.115405,4.605245785,7276.78797,3.72391677,"""TCTAGAGAAAGACGCGAGAAAC CATATG"""
"""BBa_J61109""","""Ec-TTL-R023""",23,0.980299584,6.624423707,7552.266272,4.817900293,6812.669744,4.154915937,"""TCTAGAGAAAGACTGGAGACAC CATATG"""
"""BBa_J61103""","""Ec-TTL-R024""",24,0.826537771,6.552312472,7453.719203,4.175088703,7140.868069,2.842605297,"""TCTAGAGAAAGATTAGACAAAC CATATG"""
"""apFAB868""","""Ec-TTL-R025""",25,1.121691144,6.09002417,8589.179188,4.115138071,6043.564542,2.28852572,"""ATCTTAATCTAGCGACGGAGTCTTT CATATG"""
"""apFAB914""","""Ec-TTL-R026""",26,0.988670235,6.331432875,9586.527041,4.07419989,7588.714011,2.380015874,"""ATCTTAATCTAGCGGCGGATCTTTT CATATG"""
"""BBa_J61119""","""Ec-TTL-R027""",27,0.808962734,7.458175827,9588.416518,4.457864227,9528.870843,2.689673682,"""TCTAGAGAAAGATTTGATATAC CATATG"""
"""BBa_J61126""","""Ec-TTL-R028""",28,0.923949714,6.46083789,10392.35358,4.86495238,8759.753941,3.090838488,"""TCTAGAGAAAGAGGTGACTCAC CATATG"""
"""B0032_RBS""","""Ec-TTL-R029""",29,0.887517687,6.500989501,10258.27478,5.031011188,10040.71265,2.696852425,"""TCACACAGGAAAGGCC CATATG"""
"""apFAB895""","""Ec-TTL-R030""",30,1.617409687,7.171358238,10556.25909,5.028740232,5140.215712,2.450649041,"""ATCTTAATCTAGCTAGGGACCTTTT CATATG"""
"""BBa_J61136""","""Ec-TTL-R031""",31,1.000374541,7.073243208,10587.71251,5.667731505,11182.84968,3.745781691,"""TCTAGAGAAAGAGCTGAGCAAC CATATG"""
"""apFAB866""","""Ec-TTL-R032""",32,0.572151962,4.895770524,12159.24639,4.069316982,17665.46387,2.245912098,"""ATCTTAATCTAGCGTAGGACCGTTT CATATG"""
"""GSGV_RBS""","""Ec-TTL-R033""",33,0.810726772,6.188141726,11956.89441,4.135143724,11747.03906,2.478433231,"""CTTTAACAATTTATCATAAGGAGGTGAC CATATG"""
"""apFAB918""","""Ec-TTL-R034""",34,0.992505386,6.081843056,12119.85905,4.519821672,9306.718974,2.169226148,"""ATCTTAATCTAGCTAGGGAACGTTT CATATG"""
"""BBa_J61129""","""Ec-TTL-R035""",35,0.892290576,5.851893663,12186.72505,5.349326602,11821.38687,2.824704302,"""TCTAGAGAAAGATTGGACGTAC CATATG"""
"""apFAB867""","""Ec-TTL-R036""",36,0.866891672,6.216495429,12889.34934,4.442531614,11605.71894,2.367138043,"""ATCTTAATCTAGCCCGGGAAGGTTT CATATG"""
"""apFAB903""","""Ec-TTL-R037""",37,0.944653661,7.155703216,12540.40459,4.576031804,11289.8997,2.703252607,"""ATCTTAATCTAGCCCAGGAAGATTT CATATG"""
"""apFAB872""","""Ec-TTL-R038""",38,0.846432355,6.315469066,14202.63597,4.749237812,13977.88598,2.399021167,"""ATCTTAATCTAGCCCGGGATAATTT CATATG"""
"""BBa_J61137""","""Ec-TTL-R039""",39,1.025755939,6.882180067,14570.30622,5.849066219,11632.05367,2.878963452,"""TCTAGAGAAAGAGTAGATCAAC CATATG"""
"""BBa_J61111""","""Ec-TTL-R040""",40,0.940714144,6.753067955,15706.50197,5.801845307,15616.43402,3.507606262,"""TCTAGAGAAAGAGGCGATACAC CATATG"""
"""apFAB821""","""Ec-TTL-R041""",41,1.659178104,7.016244348,15275.74641,4.922945776,7473.696167,2.403591084,"""ATCTTAATCTAGCCACGGAGGCTTT CATATG"""
"""apFAB844""","""Ec-TTL-R042""",42,0.940097936,6.424462325,15233.3244,4.40136137,13513.7084,1.907411675,"""ATCTTAATCTAGCAGGGGACACTTT CATATG"""
"""BBa_J61110""","""Ec-TTL-R043""",43,0.954673921,6.651209947,15462.72969,5.926133737,14865.2863,3.061354317,"""TCTAGAGAAAGAGGCGAATTAC CATATG"""
"""BBa_J61112""","""Ec-TTL-R044""",44,1.011149427,6.648207188,16038.76798,5.471115749,14263.98895,2.855599636,"""TCTAGAGAAAGAGGTGACATAC CATATG"""
"""BBa_J61104""","""Ec-TTL-R045""",45,0.949185002,6.776677978,16169.96753,5.514999136,15444.61255,2.500922361,"""TCTAGAGAAAGAAGGGACAGAC CATATG"""
"""BBa_J61122""","""Ec-TTL-R046""",46,1.193985103,6.165801398,18614.95546,5.797102932,13581.48337,3.288416857,"""TCTAGAGAAAGAGAGGAGCCAC CATATG"""
"""apFAB854""","""Ec-TTL-R047""",47,1.623512782,6.924447063,17097.75875,5.2333388,9115.45191,2.316624482,"""ATCTTAATCTAGCTAGGGAGCATTT CATATG"""
"""BBa_J61127""","""Ec-TTL-R048""",48,1.015713942,6.225302031,19419.0754,5.791881454,16857.01558,3.597565383,"""TCTAGAGAAAGAGTGGAACTAC CATATG"""
"""BBa_J61113""","""Ec-TTL-R049""",49,0.991206336,7.240482563,17486.19648,5.749839222,17413.57782,3.335714321,"""TCTAGAGAAAGAGTGGAAAAAC CATATG"""
"""GSG_RBS""","""Ec-TTL-R050""",50,1.368174587,7.391119609,18434.59045,5.445850235,12296.91036,2.711945959,"""TAAGGAGGTGAC CATATG"""
"""apFAB892""","""Ec-TTL-R051""",51,1.093710308,6.595501304,18237.45989,5.077076095,15475.39008,2.227585208,"""ATCTTAATCTAGCCTGGGAGTGTTT CATATG"""
"""BBa_J61115""","""Ec-TTL-R052""",52,1.081065643,7.21710993,19171.91654,5.917661517,15706.03779,2.682709054,"""TCTAGAGAAAGAAGGGATACAC CATATG"""
"""apFAB927""","""Ec-TTL-R053""",53,0.833652404,6.139789002,20503.67004,4.872204288,20844.05123,2.207044128,"""ATCTTAATCTAGCTGGGGACTGTTT CATATG"""
"""BBa_J61108""","""Ec-TTL-R054""",54,1.04573799,7.149684641,20796.80787,5.681779037,17272.19164,2.584840736,"""TCTAGAGAAAGACGAGATATAC CATATG"""
"""Anderson_RBS""","""Ec-TTL-R055""",55,1.082380309,7.124958372,21793.92261,5.840221602,19721.70356,3.057569383,"""TCTAGAGAAAGAGGGGACAAACT CATATG"""
"""apFAB826""","""Ec-TTL-R056""",56,1.667284881,6.835843297,25069.14436,5.196473775,12973.69581,2.161482486,"""ATCTTAATCTAGCGACGGAGCGTTT CATATG"""
"""apFAB883""","""Ec-TTL-R057""",57,1.20036253,6.506176241,24316.70036,4.880484863,18167.07868,2.08601712,"""ATCTTAATCTAGCGTAGGACTCTTT CATATG"""
"""apFAB894""","""Ec-TTL-R058""",58,2.467895062,7.922276282,25800.25089,5.247757515,10010.3722,2.406585475,"""ATCTTAATCTAGCGCTGGAGGCTTT CATATG"""
"""BBa_J61132""","""Ec-TTL-R059""",59,1.070076188,7.059210873,27669.78259,5.829337034,22962.33364,2.512981939,"""TCTAGAGAAAGACAGGATTAAC CATATG"""
"""apFAB860""","""Ec-TTL-R060""",60,1.243992224,6.134987435,29732.21143,4.419180099,19045.20347,1.989289229,"""ATCTTAATCTAGCCGTGGAGGGTTT CATATG"""
"""BBa_J61100""","""Ec-TTL-R061""",61,1.237650234,7.002265075,26419.2041,5.958158514,22993.94099,3.548039055,"""TCTAGAGAAAGAGGGGACAAAC CATATG"""
"""apFAB856""","""Ec-TTL-R062""",62,2.322239444,7.279376661,28820.59009,5.207109459,11050.53409,2.246115155,"""ATCTTAATCTAGCGCCGGAGGTTTT CATATG"""
"""apFAB862""","""Ec-TTL-R063""",63,1.055603331,6.430370211,29224.22081,5.182095123,25819.97378,1.899611356,"""ATCTTAATCTAGCGGGGGATAGTTT CATATG"""
"""apFAB865""","""Ec-TTL-R064""",64,1.450512694,6.760248402,30507.22949,5.42123208,18372.00255,2.223467711,"""ATCTTAATCTAGCGCGGGAGTATTT CATATG"""
"""BBa_J61106""","""Ec-TTL-R065""",65,1.377734179,6.062035268,31282.33549,5.52254291,20939.30698,3.19687559,"""TCTAGAGAAAGATAGGAGACAC CATATG"""
"""apFAB845""","""Ec-TTL-R066""",66,1.174056973,6.889473623,31578.65701,5.101523378,23899.40418,2.158729893,"""ATCTTAATCTAGCCGGGGAGACTTT CATATG"""
"""apFAB820""","""Ec-TTL-R067""",67,0.991257288,6.052399824,34113.45983,4.939143558,30424.14954,2.272646144,"""ATCTTAATCTAGCTGCGGAGGGTTT CATATG"""
"""apFAB954""","""Ec-TTL-R068""",68,1.315371842,6.936229778,32590.32651,5.303700867,23826.7303,2.277301413,"""ATCTTAATCTAGCTCAGGACAATTT CATATG"""
"""apFAB910""","""Ec-TTL-R069""",69,1.353263734,6.260325496,36975.17965,4.907752365,24132.26746,2.051700578,"""ATCTTAATCTAGCAAAGGACACTTT CATATG"""
"""salis-4-10""","""Ec-TTL-R070""",70,0.937184958,7.300589585,35367.55977,5.722691599,37128.66135,2.993890125,"""AATCTCTTTTATCAAATATAAGCAGGAT CATATG"""
"""apFAB901""","""Ec-TTL-R071""",71,2.228127643,7.767052103,34625.65934,5.514349604,15280.77691,2.331949337,"""ATCTTAATCTAGCCCGGGAGTTTTT CATATG"""
"""salis-4-4""","""Ec-TTL-R072""",72,1.623808528,6.300575335,35422.52078,5.349464864,24104.44599,2.369556738,"""AATCTCTTATATCAAATATAAGGAGGAT CATATG"""
"""apFAB832""","""Ec-TTL-R073""",73,1.815158115,6.638858594,43134.62154,4.800374002,21592.88497,2.000738236,"""ATCTTAATCTAGCTGGGGAGGCTTT CATATG"""
"""apFAB909""","""Ec-TTL-R074""",74,1.311595449,6.640598893,41790.62427,5.129954899,29725.51889,2.241353778,"""ATCTTAATCTAGCGAAGGATAGTTT CATATG"""
"""salis-4-7""","""Ec-TTL-R075""",75,0.900511171,5.614689408,51283.17787,4.691535335,47989.11963,2.273864797,"""AATCTCATATATCAAATATAAGCAGGAT CATATG"""
"""apFAB861""","""Ec-TTL-R076""",76,1.381129124,6.711503453,47505.90651,4.617204053,30759.03578,2.42443459,"""ATCTTAATCTAGCGCGGGAGGGTTT CATATG"""
"""apFAB876""","""Ec-TTL-R077""",77,2.115034993,6.761243031,45159.69102,5.405031071,21505.41029,2.539111333,"""ATCTTAATCTAGCTAGGGATATTTT CATATG"""
"""apFAB827""","""Ec-TTL-R078""",78,1.608765045,6.830868774,46260.29533,5.095821965,29177.31617,1.924495896,"""ATCTTAATCTAGCAGGGGAGTCTTT CATATG"""
"""salis-2-4""","""Ec-TTL-R079""",79,1.348945554,5.804382792,46148.23112,5.275707696,45353.1963,2.317448159,"""AATCTCATATATCAAATATACGGGGGAT CATATG"""
"""Alon_RBS""","""Ec-TTL-R080""",80,1.941339179,5.671826642,48143.49638,5.525370685,27292.62678,3.616383979,"""CCTCTAGATTTAAGAAGGAGATATA CATATG"""
"""apFAB831""","""Ec-TTL-R081""",81,1.399030831,7.266093887,50177.29513,5.033282832,37177.54883,2.125348392,"""ATCTTAATCTAGCACAGGAGACTTT CATATG"""
"""apFAB857""","""Ec-TTL-R082""",82,1.599134751,7.622296838,52043.89924,4.96724314,35583.93208,2.400101573,"""ATCTTAATCTAGCTGAGGAAAGTTT CATATG"""
"""apFAB863""","""Ec-TTL-R083""",83,1.320837298,6.159739807,56346.03491,4.816219332,43259.93707,2.343110748,"""ATCTTAATCTAGCGGGGGAGCGTTT CATATG"""
"""apFAB912""","""Ec-TTL-R084""",84,2.059161581,6.480929592,49218.84483,5.021364243,32852.64774,2.776266223,"""ATCTTAATCTAGCTAGGGAGTGTTT CATATG"""
"""apFAB889""","""Ec-TTL-R085""",85,1.792263055,6.975978738,56090.53436,4.405907396,31647.7227,3.01858215,"""ATCTTAATCTAGCGGAGGAGGATTT CATATG"""
"""apFAB851""","""Ec-TTL-R086""",86,1.614750558,6.821463169,52529.04005,5.172083439,36990.29041,2.550055543,"""ATCTTAATCTAGCGGAGGATCGTTT CATATG"""
"""apFAB884""","""Ec-TTL-R087""",87,1.517967397,6.585017716,54172.60825,4.873633591,44778.17392,2.465718313,"""ATCTTAATCTAGCGAGGGTAGGTTT CATATG"""
"""apFAB833""","""Ec-TTL-R088""",88,2.042829876,7.526604895,55267.62377,4.980746211,36096.68868,2.65801611,"""ATCTTAATCTAGCTGGGGAGATTTT CATATG"""
"""apFAB848""","""Ec-TTL-R089""",89,2.016375749,5.996469691,55678.36552,4.595278301,31214.15349,2.353729529,"""ATCTTAATCTAGCATAGGAGGTTTT CATATG"""
"""apFAB839""","""Ec-TTL-R090""",90,1.403559287,6.685765129,51317.10882,5.381097998,45383.43495,2.090817122,"""ATCTTAATCTAGCGGGGGAAGGTTT CATATG"""
"""salis-1-21""","""Ec-TTL-R091""",91,1.123550422,6.600425355,57025.38643,5.016781715,81202.4807,3.200003155,"""AATCTCATATATCAAATATAGGGTGGAT CATATG"""
"""apFAB923""","""Ec-TTL-R092""",92,1.450843315,6.260141454,64253.02835,4.332013886,46206.61145,2.264979985,"""ATCTTAATCTAGCGTGGGAGAGTTT CATATG"""
"""Plotkin_RBS""","""Ec-TTL-R093""",93,1.946813219,7.252676743,51391.15804,5.368545503,34676.77283,2.811189246,"""TGGATCCAAGAAGGAGATATA CATATG"""
"""apFAB842""","""Ec-TTL-R094""",94,1.591100837,6.020704767,68695.7308,3.861910523,46976.73668,2.547247975,"""ATCTTAATCTAGCAGGGGAGGGTTT CATATG"""
"""salis-2-3""","""Ec-TTL-R095""",95,1.087571655,5.648106566,62359.16748,4.886878893,78555.26592,3.12842358,"""AATCTCATATATCAAATATAAGGCGGAT CATATG"""
"""apFAB837""","""Ec-TTL-R096""",96,1.983423464,6.786511363,61060.43991,4.997965222,43962.63423,2.470416346,"""ATCTTAATCTAGCAGGGGATATTTT CATATG"""
"""apFAB916""","""Ec-TTL-R097""",97,1.933361933,6.173092729,66049.09303,4.528673684,40612.68424,2.51419614,"""ATCTTAATCTAGCATTGGAGGGTTT CATATG"""
"""apFAB834""","""Ec-TTL-R098""",98,1.617610291,6.886076864,59735.8042,5.071956188,52990.03291,2.345839382,"""ATCTTAATCTAGCGGGGGAGAATTT CATATG"""
"""apFAB904""","""Ec-TTL-R099""",99,2.202537385,6.735635201,61250.70074,5.25038017,44303.82712,2.529635327,"""ATCTTAATCTAGCGGGGGATTTTTT CATATG"""
"""apFAB917""","""Ec-TTL-R100""",100,1.897175582,6.523011076,62626.05851,4.918432278,49923.73889,2.554515072,"""ATCTTAATCTAGCGGAGGAGACTTT CATATG"""
"""salis-1-10""","""Ec-TTL-R101""",101,1.282034307,4.926406794,60032.63687,4.756343389,65467.4017,2.188913752,"""AATCTCATAGATCAAATATAGGGGGGAT CATATG"""
"""Invitrogen_RBS""","""Ec-TTL-R102""",102,1.678831433,6.548681128,54837.48865,5.45576822,69515.65297,2.147942463,"""AAAATTAAGAGGTATATA CATATG"""
"""salis-1-1""","""Ec-TTL-R103""",103,1.574532268,5.756050051,57001.64526,4.955773971,50825.02293,2.300625928,"""AATCTCATAGATCAAATATAAGGAGGAT CATATG"""
"""salis-1-3""","""Ec-TTL-R104""",104,1.565989473,5.739497896,56472.45183,4.981618922,52697.34449,2.463336797,"""AATCTCATAAATCAAATATAGGGAGGAT CATATG"""
"""salis-3-3""","""Ec-TTL-R105""",105,1.452040401,5.988435677,59028.25343,4.943114725,63265.40069,2.528863332,"""AATCTCATATCTCAAATATAAGGGGGAT CATATG"""
"""salis-4-2""","""Ec-TTL-R106""",106,1.922602326,5.92291925,60209.22399,5.023875078,50061.5565,2.321734355,"""AATCTCATTTATCAAATATAAGGAGGAT CATATG"""
"""JBEI_RBS""","""Ec-TTL-R107""",107,1.500851516,5.826457211,77610.08234,4.161692474,75304.63218,3.059010685,"""AAAGATCTTTTAAGAAGGAGATATA CATATG"""
"""salis-1-5""","""Ec-TTL-R108""",108,1.356811573,5.36821018,65304.25396,4.554957022,64521.53419,2.191814671,"""AATCTCATAAATCAAATATAAGGGGGAT CATATG"""
"""B0034_RBS""","""Ec-TTL-R109""",109,2.011621297,7.562240567,59830.81445,5.405355541,74868.2617,2.49790969,"""AAAGAGGAGAAATTA CATATG"""
"""B0030_RBS""","""Ec-TTL-R110""",110,1.762445565,6.031344695,64915.45048,4.79131309,76713.68878,2.440412216,"""ATTAAAGAGGAGAAATTA CATATG"""
"""Bujard_RBS""","""Ec-TTL-R111""",111,1.826725188,6.46138381,80792.65187,4.173891249,62794.47556,3.083092923,"""GAATTCATTAAAGAGGAGAAAGGT CATATG"""